Date,Bulstrode_y_hat_mean,Bulstrode_lower_bound,Bulstrode_upper_bound,Lydgate_y_hat_mean,Lydgate_lower_bound,Lydgate_upper_bound,Vincy_y_hat_mean,Vincy_lower_bound,Vincy_upper_bound,Casaubon_y_hat_mean,Casaubon_lower_bound,Casaubon_upper_bound,Chettam_y_hat_mean,Chettam_lower_bound,Chettam_upper_bound,Others_y_hat_mean,Others_lower_bound,Others_upper_bound
2023-10-11,0.321804394495553,0.2793747387760019,0.36583504831623026,0.38909374901426974,0.36558101212173577,0.4107497052809742,-0.03477096986400318,-0.15006420464479314,0.07714899962867215,0.14493078975160414,0.12038316251559857,0.16940050539433382,0.06191957887196032,0.0327547740121522,0.09068577043982629,0.0978600409655272,0.053695737816758814,0.14126224815963712
2023-10-12,0.3180679293641333,0.2852014497130588,0.34953316418900815,0.3855506194330492,0.36879603597917726,0.40150126482455,-0.019317868150037183,-0.11802230375771103,0.07522082264877272,0.14654499794809167,0.12924330598667982,0.16378143132143066,0.07447734616492606,0.055841557917422596,0.09299821859941781,0.08792288019011997,0.05641664983340032,0.11738212402160125
2023-10-13,0.31439271270616415,0.28827336716315977,0.3415410426905735,0.38220892899776887,0.3682099677860994,0.39492324593659417,-0.005366538029303911,-0.08813675692196686,0.07339908536950095,0.14812994283565867,0.1343009964476041,0.1616588721366667,0.0843345432426666,0.06629423569076703,0.10207269807612486,0.07994572867334597,0.05542242797426753,0.10462119028928912
2023-10-14,0.31082838752625674,0.2852577760376813,0.3375875062657925,0.37904826411525905,0.36534609011005653,0.3925071001691577,0.007148957763994227,-0.060893321912729954,0.07366470421894428,0.14967421294467154,0.13599924284545148,0.16279288779994022,0.0917316239198134,0.07083146424725971,0.11188155666483907,0.07374667116671152,0.04825926280213589,0.09875557381673689
2023-10-15,0.30742459682902284,0.2788815602779824,0.33588228835562606,0.3760482111923501,0.36172989082569607,0.39057192465344737,0.018294556495654916,-0.037627982641761974,0.07333277103151652,0.1511663968054965,0.1363023467139935,0.16566992181845355,0.09690904201099787,0.07612835742270435,0.11773666049052138,0.069143792421723,0.04171524631009449,0.09684746690881837
2023-10-16,0.30423098361907375,0.27352255651169416,0.3338757880365311,0.3731883566358724,0.35786992411349194,0.3886636191956466,0.028136195431475698,-0.016402919816480552,0.07321409955716014,0.15259508294849997,0.1366649836531334,0.16805756704903263,0.10010725133085147,0.08003952720754134,0.11917113948758767,0.06595517718988678,0.037149767979925336,0.09572728227751515
2023-10-17,0.3012971909010209,0.2700520683756089,0.33085750875102327,0.37044828685265646,0.3549412020187974,0.3866088078719307,0.036739811837254194,0.000919910378690838,0.07258109799134327,0.15394885990404814,0.1377327594255826,0.16992592622750805,0.10156670569400564,0.08322328943099279,0.12022539755779262,0.0639989102227092,0.03449977756232058,0.09433362552108697
2023-10-18,0.29867286167947604,0.26773270780920555,0.3271889945672698,0.3678075882495325,0.35260014384472277,0.38336420946072347,0.04417134297878803,0.01576110281420506,0.07248740060769558,0.15521631620250737,0.13960063401466424,0.1707552890303287,0.10152785891509179,0.0833317800667167,0.12016096469077858,0.06309307627169662,0.034591748644034796,0.09247551477885471
2023-10-19,0.2964076389590504,0.26716727956346825,0.32328206181899943,0.365245847233331,0.3507441744635115,0.3798006690049847,0.05049672612187479,0.02768565214306101,0.07354080821718305,0.15638604037424397,0.141366336705886,0.17102103718335737,0.10023116480874139,0.08050456070925058,0.11924788638162181,0.0630557600883554,0.03640687872390019,0.09169629391275347
2023-10-20,0.29455116574435564,0.2664565706497363,0.32007585928585097,0.36274265021088226,0.3496015953728332,0.376209760456641,0.0557818985323121,0.03689017313686721,0.0743809868772945,0.15744662094962428,0.14417538693036544,0.1708150511643145,0.09792005969246637,0.07824263640367968,0.11717441035146851,0.0637050464241919,0.0389609150261479,0.08950590648028585
2023-10-21,0.2931530850400031,0.26797561344744,0.3167428254952272,0.3602775835890167,0.34837054112833143,0.3725841783933675,0.06009279747589756,0.04425998479241467,0.07606550136857593,0.15838664645901462,0.1459569940000184,0.17046635994169632,0.09490657745002903,0.07667444693077774,0.11295324328975219,0.06485902003071248,0.04269242053745613,0.08692450065520807
2023-10-22,0.2922630398506043,0.2690733676404947,0.3141347607220928,0.35783023377456463,0.34694603721381734,0.3692417340989735,0.06349536021842878,0.048278937694217275,0.07864600443646386,0.15919470543278116,0.1471507411071605,0.17016127267687323,0.09157134953144225,0.07542787321127092,0.10714580895662494,0.06633576565942349,0.04593811177765511,0.08702604782840918
2023-10-23,0.29193067318077076,0.27003562464420316,0.3124739602367302,0.3553801871743565,0.34488588367685974,0.3662911347488848,0.06605552402570336,0.0506754800298444,0.08112029889879613,0.1598593864012904,0.1477950342033817,0.17048570363243423,0.08829798988959935,0.07427588859951073,0.10214223797182594,0.06795336806183129,0.04863417423622798,0.08718751133672933
2023-10-24,0.2922056280351141,0.27108922372314537,0.31325037763534314,0.35290703019522274,0.34250234597161655,0.36357408787989953,0.0678392261635189,0.05191765088585739,0.08369361821519464,0.16036927789490849,0.14789055628131817,0.17125905812267742,0.0854701124773936,0.07158198304770841,0.09863501543493364,0.06952991198944224,0.050359748027811596,0.08845980930506112
2023-10-25,0.2931375474182455,0.2711926221874947,0.31575220173993235,0.3503903492439936,0.3396450429345132,0.36158929825268993,0.06891240389767304,0.05270853033778081,0.08569603865213671,0.16071300741814362,0.14836603505678056,0.17231535326289185,0.08347133124771833,0.0687316822935863,0.09825190029059953,0.07088348219376268,0.051468107107254336,0.09092566351836083
2023-10-26,0.2947661730552128,0.2718081928073879,0.3182663928082423,0.34781326023256787,0.3366413085311933,0.3594336906805439,0.06934099449396336,0.05271776957513148,0.08641293255534586,0.16088221791928897,0.1484461809999875,0.17282388555528405,0.08268526015346683,0.06606827081115225,0.09948111934041387,0.07185157062720035,0.05119607840682477,0.09378003162549425
2023-10-27,0.2970580700267873,0.27364925583051974,0.3210737437726835,0.34518496432124063,0.3335599678799945,0.35724630987778816,0.0691909352181875,0.052089745077805394,0.08615100771439203,0.16087366373315895,0.14814456021267322,0.17321202885112802,0.08338124950302919,0.06600535046294119,0.10064027021625696,0.07241510058632429,0.05102954915148103,0.09551016170579289
2023-10-28,0.2999470054251847,0.27632070014053706,0.32429932906499975,0.3425263541558458,0.33080768011778977,0.35464619428872224,0.06852816333614302,0.05166754850227252,0.08533176389425304,0.16068459431051751,0.14805491013384903,0.17307524592601473,0.08537159502678247,0.0683821472744059,0.1025907298046029,0.0726192817206893,0.05096978289118865,0.09582247752779234
2023-10-29,0.3033665916351281,0.2797055837860958,0.32703957742990064,0.3398583775307343,0.32838257941944166,0.3517581556310091,0.06741861611362758,0.051158680367815026,0.08385600547148363,0.1603122591021285,0.14804130135843857,0.17244371605958245,0.08835432881060057,0.07215455424856031,0.1048734998992018,0.07250962691736418,0.05150145778006003,0.09511974123268091
2023-10-30,0.3072504410413402,0.28394436272021745,0.3307434108550114,0.33720198224025677,0.32618432021388877,0.34859924447587537,0.06592823081643873,0.050480201274946325,0.08148361861803083,0.15975390755875582,0.147963571658833,0.17177781038646894,0.09202748294035731,0.07710128315155494,0.10720583204993162,0.07213164906341779,0.05155270497751254,0.09394510922849676
2023-10-31,0.3115321660285438,0.2887772268335386,0.3339421396203219,0.33457811607876403,0.3238138825377475,0.3454493704069382,0.06412294471037411,0.049093543939509564,0.07862475022331802,0.1590067891311633,0.1480166611963067,0.17036096257715386,0.09608908950192657,0.08202699784834652,0.11035922692028162,0.07153086104591898,0.05198051604311353,0.0923359199104059
2023-11-01,0.3161453789814617,0.29481409440659595,0.3373399492368685,0.3320077268406068,0.3217523693192776,0.34230895016045226,0.06206869506123133,0.04787999285496531,0.07583118698746892,0.15806815327011486,0.14749780240986132,0.16896808842951333,0.10023718058118222,0.08638392965452528,0.11447966184052015,0.07075277575193661,0.05177256748924046,0.09107287392626823
2023-11-02,0.32102369228481675,0.3005551010950136,0.34150911371894754,0.32951176232013596,0.31980681083849827,0.33940147785556846,0.05983141913480799,0.0460338607746665,0.07237562309351216,0.15693524942637435,0.14677568418465206,0.16758108376595288,0.1041697882639981,0.0899757052136109,0.11923571341788396,0.06984290606853946,0.05205859566177834,0.08925213356937674
2023-11-03,0.32610071832333165,0.30620772969671445,0.34573398484895196,0.32711117031170217,0.31757586833921664,0.33680165087669456,0.05747705419690171,0.04416097847891159,0.06979784272983394,0.15560532705070565,0.1457298319869371,0.16594319375735614,0.10758494463624807,0.09264814766896133,0.12343763960381543,0.06884676488279641,0.051617960731364314,0.08762631662237497
2023-11-04,0.3313100694817293,0.3120985432377601,0.3509116943515957,0.3248268986096561,0.3155643913335895,0.3342654751578931,0.05507153751331011,0.04205092860802733,0.0668606737492308,0.15407563559387266,0.14395995588996532,0.16423674134561575,0.11018068178380602,0.0943359476846654,0.12641929711615282,0.0678098650817763,0.050773595890953656,0.0856136586955155
2023-11-05,0.3365853581447326,0.3178490299622496,0.3560365815936184,0.3226798950083487,0.3132600640267471,0.33212349310245204,0.05268080634983073,0.04005303265538441,0.06420608305019396,0.15234342450663924,0.14217132907250468,0.1626386755388092,0.11166705520842996,0.09658513502571137,0.12755525889716532,0.06677771955254798,0.04974661302890108,0.08406953888129533
2023-11-06,0.34186019669706424,0.32230217955210083,0.3617440948439405,0.32069110730213063,0.31112408279639486,0.33020696003227923,0.05037079797226123,0.03744455756365426,0.06221931990911583,0.15040594323976927,0.13975277063860894,0.16119581213751258,0.11203065897721533,0.09812700250096297,0.126961871348153,0.06579584118218025,0.04834841883733096,0.08327308272872383
2023-11-07,0.3470681975234471,0.3266387632169273,0.3674516375737118,0.3188814832853526,0.3090390499258136,0.3286011321372076,0.048207449646399225,0.035376768244769895,0.06044515111937129,0.1482604412440266,0.13703384316545697,0.15956549120706243,0.11153462572259462,0.09822457037416323,0.12520079378247964,0.064909742857742,0.04643788433770613,0.08312802073711595
2023-11-08,0.3521429730086039,0.33109191150170336,0.37289813359364943,0.3172719707523655,0.307044193045952,0.32731237769728083,0.04625669863804235,0.033297554411806436,0.05873389091996386,0.1459041679701751,0.13459282878335194,0.1577900208527657,0.1104541114928847,0.09726719587487676,0.1237936460278318,0.06416493746630202,0.04518787655381692,0.08286944431634614
2023-11-09,0.35701813553725753,0.33508234527850966,0.3783103784434057,0.31588351749752,0.3053775978832249,0.3263343189869677,0.0445817509440322,0.031353943471483355,0.057371880231218884,0.14333631988958528,0.13188681241922154,0.15526562780746692,0.10906427233640233,0.09523238566394114,0.12311063042393379,0.06360693789492919,0.04392729300193241,0.08309982454837274
2023-11-10,0.3616273916613744,0.33933312819898204,0.382967764652304,0.31473701188303665,0.3041196788326034,0.3253905163225873,0.043204944684981504,0.02991649112306809,0.05597194501006837,0.14058522667085177,0.12918738743692487,0.15236560072460034,0.10764026430146433,0.09304197098441772,0.12282359873528578,0.0632811506865092,0.04333785106678419,0.08318865696662227
2023-11-11,0.36592441138857107,0.34372615542812585,0.3869883943880166,0.31384074265950734,0.3032872931970493,0.3246095335531242,0.042117157809455213,0.029199850224660855,0.05471893456899559,0.13770164477548189,0.12666617289643942,0.14926614148227418,0.1064572434363875,0.0912377407128987,0.12284452967409747,0.06321043741710304,0.04333401513298035,0.08321077212399204
2023-11-12,0.36990740583270215,0.3485656755065686,0.39064569010132827,0.3131748871798817,0.30269246768789276,0.323978650863643,0.04130845900114245,0.02860619891258788,0.05365140211774518,0.1347369075599775,0.12407883187286642,0.1460233501773584,0.10579036578948865,0.09019025255087892,0.12285739971073965,0.06336735886414864,0.04398134207535819,0.08357313349604333
2023-11-13,0.37358061281121485,0.3529473963031205,0.3935555067992236,0.3127158191407686,0.3025752349177822,0.32316843537852397,0.04076891694373242,0.028362502918806053,0.05287680256466558,0.1317423483808406,0.12146149524579367,0.14221300984454813,0.10583357004363961,0.090600082781353,0.12211749093797089,0.06371766977736319,0.044868236008700386,0.08264545592265642
2023-11-14,0.37694827014155635,0.35690363662277635,0.39624193449993805,0.3124399122387771,0.3027879692250514,0.32244568588869993,0.04048860032091428,0.028010500691579718,0.05230175598819257,0.12876930059457295,0.11903782121561897,0.13901762086157046,0.10645592541993215,0.09200342390585019,0.12131294807428264,0.06422712490646401,0.046171017518648036,0.08227649073318195
2023-11-15,0.38001461564117367,0.3609557866193711,0.39833546895981586,0.3123235401705159,0.3030572977736831,0.3217838735896068,0.04045757781637718,0.028100661197310077,0.051981531513780974,0.1258690975576765,0.11638966175389787,0.13570814469675302,0.10744528377401312,0.0941334956905315,0.12182067191741769,0.06486147900116827,0.0475735167440454,0.08209218315041793
2023-11-16,0.38278388712751416,0.36464578214757676,0.4002024173560227,0.3123430766325939,0.30334816383596697,0.32138804856709285,0.04066591811381033,0.028620411531642135,0.051880106747124434,0.12309307262665312,0.11387815178598264,0.13259021177905944,0.1085894969615293,0.0951686880529131,0.12228511406987436,0.06558648681119325,0.04858397183424031,0.08211158909528078
2023-11-17,0.38526032241802477,0.3680104337325329,0.40228704890159045,0.31247489532162,0.3036969279649383,0.3214017713922294,0.041103689896902836,0.029758477323456062,0.05206937496694922,0.12049255915800469,0.11123498259267464,0.1301850607255097,0.1096764168381275,0.09572787961242489,0.12313102877066776,0.0663679030862562,0.04996115588639363,0.08225640085843727
2023-11-18,0.38744815933015286,0.3704588332871649,0.4043361684241422,0.31269536993420316,0.3041689767525945,0.3217252317948607,0.04176096184934388,0.03058183884439098,0.052497817452406156,0.11811889050823314,0.10839375712943831,0.12819154786084358,0.11049389525945455,0.0959078955300039,0.12467387623213504,0.06717148257607432,0.05119303866635815,0.08266105869044257
2023-11-19,0.38935163568134545,0.3716171628229166,0.40629926050892623,0.31298087416695214,0.3041723862673906,0.3222615207685365,0.04262780265482262,0.03203683472751808,0.05301547946919954,0.1160234000338403,0.10606053306663826,0.12650439936402547,0.11082978408115722,0.09597157023920443,0.125969866223569,0.06796298003036488,0.051635057396800306,0.08368700286942622
2023-11-20,0.3909749892890497,0.3730865464746298,0.40856418209183604,0.31330778171647605,0.304137430438305,0.3231789802343376,0.043694280997028184,0.032998064879764984,0.054305086886878365,0.1142574210913281,0.10361322247388817,0.12533469089668495,0.11047809834916586,0.09581785352753791,0.1271267093353784,0.06870815019884514,0.051821131211236174,0.0844991169466948
2023-11-21,0.392322457970713,0.3733283626794045,0.41057504858937105,0.3136524662793836,0.30408205923072135,0.32390845689319253,0.04495046555964981,0.034348126889543605,0.05586780965733776,0.11287228703719838,0.10176440465307908,0.12453500026254885,0.10937460648593117,0.09494829032355721,0.12535104106904849,0.06937274783123232,0.05129555933481396,0.08586021780606894
2023-11-22,0.3933982795437821,0.3736473593375333,0.4123160178202857,0.3139913015522837,0.3040170476656453,0.3246004995226639,0.04638642502637664,0.03561946975834405,0.05736033114170494,0.11191933122795308,0.10044808300967364,0.12368830661297267,0.10759683029042438,0.09357597757428786,0.12245143956053682,0.06992252767724366,0.05162851177243407,0.08730106786970675
2023-11-23,0.3942066918257045,0.3736438971693297,0.4138033638926945,0.31430066123178535,0.3037983179140135,0.3251703763801058,0.04799222808089777,0.03679143234676049,0.05910422730545334,0.11143639803406091,0.10008493609762088,0.12326868804198775,0.10522845475190012,0.09142855471500552,0.11914569113034004,0.0703232444865964,0.05127956332917937,0.08829851015902992
2023-11-24,0.39475193263392716,0.37384485587216515,0.41518584646577417,0.3145569190144973,0.3035455981785708,0.32569143855066507,0.04975794340690244,0.03846162448620699,0.06127193805746954,0.11138837287958628,0.10032956517215111,0.1230758633019755,0.10235316485961311,0.08847391938756313,0.11617225089205849,0.0705406530090078,0.05103348906482002,0.08939525896847358
2023-11-25,0.39503915965981323,0.37404761642443796,0.416057354286791,0.3147390628325113,0.303618786134204,0.3259194928426077,0.05167363968807976,0.040005647408169746,0.06357010316234286,0.11171558716326302,0.10094148297011214,0.12316766961368789,0.09905464560281799,0.08440808586839778,0.11328887556073361,0.07054586895251494,0.050877849519039675,0.08931289503667345
2023-11-26,0.3950803290378858,0.374431121512139,0.41581726237931144,0.3148454014520348,0.3040084336297465,0.32592675613367056,0.05372938560811895,0.04180690167181516,0.06580666022447235,0.11235835378041475,0.10200557674862024,0.12327171344005568,0.09541658197076947,0.07976145854416915,0.11043880891044991,0.07034962885773746,0.051168758702733685,0.08922395385082896
2023-11-27,0.3948904439850145,0.37473511518737057,0.4153677664452762,0.3148829032943119,0.30436488304359854,0.3258972343040326,0.055915249850709094,0.04380272652950947,0.06807447430625205,0.11325698562636514,0.10324820468076931,0.12369711202709563,0.09152265895272221,0.07477229474930619,0.10752965066954126,0.06998042743972949,0.051139648254905544,0.08835095169074723
2023-11-28,0.39448452209109897,0.3750179166308987,0.4141053079482035,0.31485857762801633,0.30479222154232427,0.32533164956373584,0.05822130109953943,0.04621117906017134,0.07027463072473025,0.11435179559643778,0.10473336097103648,0.1241553024503338,0.08745656153793088,0.06995239376245514,0.10452556577782664,0.06946684317851888,0.0510560125229025,0.08713365205741716
2023-11-29,0.39387758094603864,0.37533698375962266,0.4126340418161748,0.31477943372182177,0.30512678152203054,0.32496665167287897,0.0606383197221747,0.04844614639423737,0.07238054657208175,0.11558309658595632,0.10633800816980006,0.12489782272174868,0.08330197471565018,0.06616838362426382,0.1000558073744099,0.06883745455413356,0.05095308644950523,0.085862487144034
2023-11-30,0.39308463813973316,0.3752199956558529,0.4110453772861887,0.3146524808444018,0.30550563478958803,0.32416893477293607,0.06316234587482313,0.05134379751192904,0.07444462115964304,0.11689120149024441,0.10810554485926623,0.12597771193040974,0.07913417845378405,0.06310571448458444,0.09471668540918837,0.06812084004660136,0.050838933489505786,0.08450344857122166
2023-12-01,0.39212071126208214,0.3748425852038072,0.40894898567529053,0.31448472826443014,0.3057946475066422,0.32360588546665303,0.06579177716653092,0.05454335255993742,0.07658843502809494,0.11821642320462566,0.10957233707522615,0.126948215693702,0.07499483263483359,0.06084438339812654,0.08948620186151725,0.06734557813595014,0.050745095862365905,0.08305224155296546
2023-12-02,0.391000817902985,0.37467931039101626,0.40775850605223923,0.3142831852505806,0.3060545240876523,0.3229170244763322,0.06852502232640482,0.057792909387034,0.07899153216178231,0.11949907462442372,0.11092381540982477,0.12814757148238456,0.07091719211994914,0.05833179651174637,0.08366763652440994,0.0665402473022078,0.0507276226249654,0.08154650158057261
2023-12-03,0.38973997565234153,0.37393101314391763,0.4060922498346718,0.3140548610715265,0.30618887236287684,0.3222439888105417,0.07136049008355165,0.06117456585254499,0.0813345501694617,0.12067946864496218,0.11194337027715993,0.12942186922831916,0.06693451177028106,0.055030396437233516,0.07892085025239128,0.06573342602540222,0.05021681006427179,0.08054500207995541
2023-12-04,0.38835320210005114,0.3725672598478257,0.4044849287129888,0.313806764995942,0.3059432023438403,0.3220982215583473,0.0742965891670782,0.06429914247472976,0.08373297647810723,0.12169791816156474,0.11265102789593172,0.13086835431917815,0.06308004644697972,0.051003798663927,0.07521504067166492,0.06495369278556125,0.04974017548650468,0.08006031228612884
2023-12-05,0.38685551483601344,0.3709672102966118,0.40311592033353705,0.31354590629250034,0.30541836144896045,0.3218305513350624,0.07733172830609124,0.0677009298160149,0.08664378367971814,0.12249473606955497,0.11313596973309054,0.13185971076458378,0.059387051011195485,0.04670677730663785,0.07232017298115946,0.06422962606271276,0.0491617948147262,0.07939923063014964
2023-12-06,0.38526193145012805,0.36938342281752934,0.40171299384395626,0.3132792942298754,0.3048539145527937,0.32181373586094497,0.08046431622969752,0.0707905613382634,0.08969070914495184,0.12301033927309896,0.11326956507177226,0.1325866310065188,0.055888085907334316,0.04275312099966174,0.06955868219935057,0.06358980433688464,0.04843584810380596,0.07918893925670427
2023-12-07,0.38358746953229444,0.36683483060119326,0.40033458501621455,0.31301393807674077,0.3041669565390681,0.32198318354700606,0.08369276166700383,0.07404466256393256,0.09311600006149152,0.12320719455095935,0.11349740541521325,0.13287635619976237,0.052599739994680865,0.03883907156509851,0.06643803991607915,0.06306280608810476,0.047504856044643676,0.07911566973710792
2023-12-08,0.38184714667241226,0.36437792494487437,0.39916956742706916,0.31275684710177015,0.30346054328170613,0.3218900492443081,0.087015473347117,0.07712899448717127,0.09663597001728058,0.12309696486437133,0.11304583712373985,0.1328595148355703,0.04952263054739858,0.035794246368099907,0.0631389139189053,0.06267720979640098,0.04676614348671491,0.07923886598977385
2023-12-09,0.38005585561613014,0.36208971840850684,0.3984226987221174,0.312514973412799,0.3029460648625305,0.32214223263270125,0.09043085999914378,0.08022683281107945,0.10059786194298853,0.122697969740486,0.11249623018905713,0.13254647753187826,0.046656680422906466,0.03358877960708121,0.05981618805997816,0.06246117448092394,0.04587760260884803,0.07984835008401454
2023-12-10,0.37822363578884255,0.3593517826527305,0.39649233211972257,0.3122930469900756,0.3024913403893692,0.3221185447382775,0.09393733035219089,0.08321079868619705,0.10463853268427385,0.1220285287064545,0.11181328374199395,0.13187944100313748,0.04400181247862354,0.03191066024541841,0.056204942719256176,0.06242655261922165,0.045342925142315374,0.08024558548563573
2023-12-11,0.3763542219812729,0.35723759310764386,0.3954816842846352,0.312092911191516,0.30213131996737125,0.32236023729150404,0.09753329313536521,0.08626422931831479,0.10875756325617877,0.12110696128942794,0.11086030723508171,0.13100463864782555,0.04155794957196878,0.03008120684741934,0.05324334202055377,0.06256401391454161,0.04473774169152024,0.08112273169000433
2023-12-12,0.3744509276347976,0.3549682196848846,0.3942418426646782,0.31191621645720774,0.3015441357582179,0.3222448315909347,0.10121715707777347,0.08933550578878952,0.11275406991020652,0.11995158701655745,0.10960086766635557,0.12987763273275862,0.03932501456036124,0.028094488634742013,0.050693500826161475,0.06286281238967059,0.044493540565661065,0.08176804311310756
2023-12-13,0.3725170661907934,0.3527947793199628,0.3928342082107295,0.31176461322723786,0.3011831859842024,0.32219711457951394,0.10498635207385151,0.0926752648124693,0.11685433214005683,0.11858072541499413,0.1079793565621857,0.12858655448125383,0.0373029303012199,0.025833571153955053,0.048941560425132674,0.06331220206739542,0.044553849128248973,0.08271403477146995
2023-12-14,0.3705559510906368,0.3507940765340755,0.3908181454245539,0.3116397519416937,0.30085452587464795,0.32213248895326113,0.10883107381804522,0.09627428164984465,0.12103120547885138,0.11701269601188913,0.10652302812874247,0.12706544620908683,0.03549018327383343,0.02324414586076415,0.04777378557641794,0.06390143697050292,0.045002086340825274,0.08314322202201388
2023-12-15,0.3685708957757044,0.3486835004300165,0.3891749793588352,0.31154328304066237,0.3006683418145388,0.3222893957543056,0.11273827561495303,0.0999471001399481,0.12510832398011612,0.11526581833439357,0.10457301972676378,0.12542366379225517,0.03387951444496902,0.021065282603793242,0.04679658732928485,0.06461977112177987,0.04544597112731951,0.08366775346961597
2023-12-16,0.36656521368737266,0.34671137280014025,0.3875336996475648,0.3114768569642311,0.3006395759160882,0.3220720094850593,0.11669489547488159,0.10388353995858796,0.12916916591658678,0.11335841190965855,0.1025760314857684,0.12393747299964993,0.032462228403263495,0.01879201760550354,0.04615484099707285,0.06545645854401312,0.046308435362222976,0.0845164234576199
2023-12-17,0.36454221826701827,0.34452607724369505,0.3860278347066841,0.3114421241524872,0.30045952624783234,0.3221743054822943,0.12068787140813754,0.10797863736391529,0.1332573915601254,0.1113087962648352,0.10013576266035289,0.12223876288584473,0.03122962973735371,0.016765209564936854,0.04587155422384942,0.06640075325998944,0.04703061553004432,0.08552597696191608
2023-12-18,0.3625052229560177,0.34266487418992997,0.38435721754217156,0.3114407350455177,0.30059031905576333,0.3221535113707366,0.12470414142502757,0.11200374434595241,0.13710017529630844,0.10913529092707464,0.09746805120250966,0.12040721267625543,0.030173023035876503,0.014950239076245571,0.04565695957644618,0.06744190929249565,0.047879885813765045,0.08678968872679334
2023-12-19,0.3604575411957476,0.3401259053915898,0.38218171519484123,0.31147434008340996,0.30047088446583997,0.32234291271354903,0.12873064353585834,0.11586064713682565,0.14119898365974518,0.10685621542352798,0.09484638980451399,0.11867101697774811,0.029283712887468696,0.01328365321275795,0.045723094953655646,0.06856918066431857,0.04901811669558171,0.08806319105297797
2023-12-20,0.35840248642758443,0.3379834538264874,0.38018725725586083,0.31154458970625126,0.300653761006377,0.32236086839707867,0.13275431575093657,0.11973056716080631,0.1450180135787877,0.10448988928134637,0.09206602400757778,0.1168294089851642,0.028553003880767137,0.01213400101176314,0.04554439579922148,0.06977182139824498,0.05016454589800399,0.08946392214864479
2023-12-21,0.35634337209290495,0.3356856683700735,0.3779986776209901,0.3116531343541286,0.3006864127160111,0.3224958483191904,0.13676209608056883,0.12376356869882382,0.14910348171287366,0.10205463202768092,0.08901018553987883,0.11468211225084858,0.02797220060440866,0.011223762790531451,0.04527305369855771,0.07103908551706169,0.051152753043512564,0.09117459165819423
2023-12-22,0.35428351163308536,0.3332393758030001,0.3760690720920132,0.31180162446712945,0.3007646760827564,0.3226886372166603,0.14074092253506182,0.12789692379015227,0.153233872558543,0.09956876318968276,0.08596084871071677,0.11298199409876233,0.02753260764703009,0.010420911007113579,0.04512631693051536,0.07236022704355555,0.05257424264243336,0.09277503396569992
2023-12-23,0.3522262184895026,0.33110941556214224,0.3741156310820434,0.31199171048534086,0.30094834537020454,0.3230304258319933,0.14467773312472224,0.1317087932847168,0.15730229033743584,0.09705060229450296,0.08281024021263816,0.11103560609162572,0.027225529597268282,0.009724696679580539,0.04485614444546744,0.07372450000051335,0.05363475572185885,0.09482554793493536
2023-12-24,0.350174806103533,0.3285937102933695,0.37193882455851796,0.31222504284885,0.300945703131378,0.3236855812900783,0.14855946585985677,0.13515116371991212,0.16123934835982975,0.09451846886929272,0.0795811582785679,0.10904934683772154,0.027042271043760075,0.009273576230677438,0.04472717191362593,0.07512115841072188,0.05476513873057934,0.09637514512722363
2023-12-25,0.3481325879165532,0.3258087865274894,0.3704558950197971,0.31250327199774425,0.30120303236974594,0.324106858841539,0.15237305875077198,0.1386497601080003,0.16498030653099036,0.09199068244120312,0.07645154971167059,0.10700757524543089,0.026974136575142298,0.009163471116164787,0.04476339480514565,0.07653945629696793,0.05537657689799392,0.09807576062358524
2023-12-26,0.3461028773699399,0.3232777243528105,0.36878395187015867,0.3128280483721108,0.30146892132052516,0.32443611956604207,0.15610544980777463,0.14210603696717003,0.16928027539780577,0.0894855625373853,0.07364158267649112,0.10499479382269787,0.027012430780051767,0.009337553508723164,0.04489305771427478,0.07796864768203839,0.05638065213269692,0.0999565079959673
2023-12-27,0.3440889879050694,0.32012684786076584,0.36709633637359346,0.3132010224120368,0.30156673046294535,0.3251735700933106,0.15974357704117134,0.145828736603605,0.17309343686553896,0.08702142868499033,0.07056095131526,0.10280481971780911,0.02714845824712534,0.009496615944593965,0.045185133106814074,0.07939798658871997,0.05775428275343703,0.10158745859175171
2023-12-28,0.34209423296331853,0.31778924747046383,0.36571405357275494,0.31362384455760944,0.30181443775373445,0.3260353656051524,0.16327437846126874,0.14906931627481926,0.17701295696236646,0.08461660041116939,0.0681108179927774,0.1007043614056294,0.027373523564999856,0.009632408671591361,0.04561425991740651,0.0808167270397995,0.05850678129711467,0.10330468380741965
2023-12-29,0.3401219259860636,0.3151712579073806,0.36443116966702027,0.31409816524891604,0.3017806958548048,0.32661969223814924,0.1666847920783736,0.15225491296339297,0.1808434666968876,0.08228939724307356,0.06568817200223928,0.09865802005050973,0.027678931322312156,0.009895826941778737,0.04588801712988233,0.08221412305806385,0.05953132905137577,0.10509554825313411
2023-12-30,0.3381753804146814,0.31270208351751466,0.3630304277405465,0.3146256349260437,0.3019320329669114,0.3273278442405433,0.1699617559027925,0.15529860079427327,0.18391266503712608,0.080058138707854,0.06345627030927557,0.09638841284257026,0.02805598610769906,0.010029930986885923,0.04631458501067393,0.08357942866629978,0.060378140532327026,0.10673456507144277
2023-12-31,0.3362579096905483,0.3107007358392389,0.36153477929803624,0.3152079040290797,0.3021423730567649,0.3279427113327943,0.17309220794483213,0.15800154101479846,0.18735370742511273,0.07794114433266179,0.06181796565326552,0.09400239666478592,0.028495992509797424,0.010256162139856551,0.046751165259431904,0.0849018978872941,0.061266648626228035,0.10840649536394147
2024-01-01,0.334372827255041,0.3083786759813691,0.3599440034998981,0.31584662299811134,0.3027907421025229,0.32873551810633916,0.17606308621479916,0.16055404182649452,0.19045164073276302,0.0759567336446481,0.06012972232701581,0.09161247858227908,0.02899025511724406,0.010570375755032575,0.047508078784206736,0.08617078474383363,0.06225685471569799,0.1100219660397147
2024-01-02,0.3325234465495361,0.30626156088523715,0.35833079324195755,0.31654344227322573,0.3033596344063887,0.3295112434886702,0.17886132872300026,0.16311823779978882,0.19317429041561038,0.0741228213286496,0.05889501197935347,0.0892628547710077,0.029530078518675826,0.010979302901208922,0.04814991144249524,0.08737534325870518,0.06344500845293187,0.11127570201292135
2024-01-03,0.33071308101540997,0.3043862706539846,0.3563288687876969,0.31730001229451,0.3040140196811717,0.3303847161180669,0.1814738734797421,0.16592834016024427,0.1958400168564574,0.07244801069627106,0.057936511748283605,0.08673194469813311,0.030106767302729553,0.011590495942385261,0.04849648161709718,0.08850482745469553,0.06475149411130433,0.11229710340425365
2024-01-04,0.3289450440940393,0.3029293112838737,0.354374750723578,0.31811798350205156,0.3048132787695514,0.3313323055178566,0.1838876584953313,0.16870829198209505,0.19827971412158912,0.07093159368588543,0.05715988420679537,0.08444884893624922,0.03071162605804207,0.012113106435690248,0.04943755301908597,0.08954849135459152,0.065673842984692,0.11309263685082567
2024-01-05,0.3272226492268007,0.30213850193355213,0.3524286550133071,0.3189990063359376,0.30588843022305656,0.33198663485989177,0.18608962178007457,0.17133771129413217,0.20027125622862826,0.0695724573935512,0.05677025729273039,0.08231367560142656,0.03133595937325023,0.012640435264483487,0.050223919309247286,0.09049558898117994,0.06687744243290812,0.11364102917305256
2024-01-06,0.32554920985507063,0.3012857737796528,0.35008056855273517,0.3199447312362553,0.30705348745304667,0.33249825711564024,0.18806670134427858,0.17374163138576776,0.20181412808075103,0.06836948891532682,0.05655445741960629,0.08021653863726427,0.03197107183699085,0.012925320593386252,0.05118842857180615,0.09133537435724762,0.06816080539946265,0.11449971109440794
2024-01-07,0.3239280394202258,0.30059262209575166,0.3479625643007941,0.32095680864309173,0.30856226452714314,0.33329136395291237,0.18980583519824998,0.17611943162572713,0.20298212202237279,0.06732157534727078,0.05634808198963735,0.07837348859478162,0.03260826803790078,0.013259664384999616,0.05195327997287648,0.09205710150558133,0.06969273015124583,0.11464458784015054
2024-01-08,0.3223624513636426,0.3002750706990547,0.3451833752916547,0.3220368889965343,0.3100275086712262,0.3339384976813331,0.1912939613522954,0.1784994172460835,0.20411594720545903,0.06642760378544159,0.056087583171889305,0.07690074121707417,0.033238852564616866,0.013636343338451033,0.05278807777092875,0.09265002444896792,0.0710079362967372,0.11438485408595607
2024-01-09,0.32085643879595244,0.2996728274825902,0.34229392197014863,0.32318332183071596,0.3119363046851387,0.3344024789027228,0.19251801781672162,0.1807311710499894,0.20442794047600762,0.06568646132589771,0.055957269784619144,0.07532642488773142,0.03385413000577592,0.013927704719364196,0.05394613365792135,0.09310649804127173,0.07234362924777304,0.1134578813190073
2024-01-10,0.3194167135048061,0.299356364601275,0.33945559080141985,0.3243812530559527,0.31414315971775836,0.33499529345159523,0.1934689662528039,0.18239803234369925,0.20460378697734358,0.06509703506469762,0.055882161849990244,0.07412363689267226,0.03444540495001479,0.014189545221582072,0.054536852512178983,0.09343128046066748,0.07409015030529294,0.1129480207969526
2024-01-11,0.3180506669471089,0.29938209228818696,0.3368929940593739,0.3256125276766063,0.31609662546000916,0.3357847477989532,0.19416750561725896,0.1838884448773026,0.20449236291522868,0.06465821209789982,0.055539793737205814,0.073566025529172,0.03500398198597032,0.014555491213842399,0.05550320905146918,0.09363223071640743,0.07581830474291205,0.11151213726484806
2024-01-12,0.31676569057976633,0.29919824549772667,0.3344140264358598,0.32685899069703866,0.3178939253098337,0.33661676810694807,0.19464766321063734,0.18492695233018316,0.20416586332803444,0.06436887952156277,0.055007351851438145,0.07305205464819468,0.03552116570227934,0.01484302224168926,0.05656245522957594,0.09371720781774388,0.07681315061819168,0.11068087124213011
2024-01-13,0.3155691758596838,0.29867137244040093,0.3327097206028924,0.3281024871216115,0.31962265775955323,0.3374652981050337,0.194943529203036,0.1857671677813443,0.204283810542126,0.06422792443174498,0.05479888160259383,0.07327845806074294,0.0359882606875787,0.01511802455586808,0.05751217035775063,0.09369407077392902,0.07758043261276645,0.10967246649157904
2024-01-14,0.3144685142437669,0.2982146317976954,0.3308342564838562,0.32932486195468663,0.32122610013330144,0.33843040560142146,0.19508919376455203,0.18577805550829996,0.2046645207486649,0.06423423392450489,0.05440210073298879,0.07371823261556633,0.03639657153050521,0.015310789454842598,0.058075777813167036,0.0935706785942152,0.07791076651477769,0.10912252440586034
2024-01-15,0.3134710971889209,0.297395116327371,0.3296944880037619,0.3305079602006259,0.322478896869811,0.33959490959163985,0.19511874706528234,0.18513556557223815,0.20484673247219468,0.06438669509590104,0.05409577628376079,0.0742313330105154,0.036737402819695716,0.01528795321036288,0.0585143927883573,0.0933548902878546,0.07815943582519377,0.10857368423795256
2024-01-16,0.31258431615205134,0.2962233503313779,0.3291734780612798,0.33163362686379105,0.32317451368141625,0.340718978038291,0.195066279275324,0.1847471939804138,0.20547518317383182,0.06468419504199187,0.0539993602531786,0.07467882414620028,0.03700393954065767,0.015204114534375061,0.058987679615623984,0.09305456486409955,0.07762853137543257,0.10878979356406537
2024-01-17,0.3118155625900637,0.2944710467819002,0.3291476486598588,0.332683706948544,0.3239174530992646,0.3419461379354095,0.194965880564774,0.18430134039716356,0.20612559546104678,0.06512562085883587,0.054463476616624776,0.07512481677849472,0.03719688826638088,0.015367699506514124,0.05923983376169127,0.09267756133220231,0.07638770195230644,0.108629855930956
2024-01-18,0.31117222795986343,0.29317146568775854,0.32925350392299885,0.33364004545924636,0.32471370340191685,0.34314155894488957,0.19485164110372927,0.1834233922484762,0.20662033402929336,0.0657084667978713,0.05498620793401839,0.0756787158172916,0.03731883596672575,0.015625867516866218,0.05929419375993237,0.09223173870141511,0.07530009604902783,0.10922281266674005
2024-01-19,0.31066170371835594,0.29165045309086124,0.32948644417795997,0.3344844874002601,0.32523857949836715,0.34421279012803535,0.1947576510622869,0.18309544714594908,0.20709703891531234,0.06641993311826504,0.0558992649336418,0.07628636396093204,0.0373723696115527,0.01554837852082286,0.05915257084243248,0.09172495598099026,0.07388654124820183,0.10922919786275001
2024-01-20,0.3102913813224467,0.290496162572699,0.32997627404896057,0.3351988777759469,0.32540623559204723,0.34526079821113587,0.19471800061054384,0.18287641001934304,0.2069073318331583,0.0672426062813794,0.05693007914960152,0.07697558503458618,0.03736007617072214,0.01590643561479592,0.05867146923273702,0.09116507218017998,0.07270343177132325,0.10884114739804814
2024-01-21,0.31006865222904123,0.28987984311186554,0.3304964907641163,0.33576506159066866,0.32574035917608113,0.34590778657617854,0.19476003507169423,0.18280489685642845,0.20665676016678938,0.06815905098537958,0.05829122293339334,0.07783395924754957,0.03728454261409449,0.016169836005246963,0.05836759559300521,0.09055994630823658,0.07165304473075058,0.10899084984303946
2024-01-22,0.31000090789504486,0.2894493506904369,0.33048669103976364,0.3361648838487872,0.32593750215173395,0.3468111399514094,0.19488412038132072,0.18321726649923065,0.20626423685458034,0.06915183192843069,0.05962040338864628,0.07861279016066512,0.03714835591153016,0.016243709479850106,0.05798672620947595,0.0899174373744123,0.07068843738708205,0.1085422337167807
2024-01-23,0.31009467291552484,0.28957146244045734,0.3304018794181886,0.3363818128137948,0.32615658319186785,0.34680006438981403,0.19508387762810303,0.18408924245780575,0.20576810714668606,0.07020351380869795,0.060878752244700525,0.07930334889777876,0.036954103032889575,0.01622408375951265,0.05727784868323053,0.08924496396983128,0.07003397198721821,0.10783554125469898
2024-01-24,0.3103435010639676,0.2899200956973207,0.3302966047285561,0.33642360551543427,0.32623801653764256,0.3465401932178003,0.195352927900721,0.18480169834146007,0.20548054179598954,0.07129666132434649,0.06223458566429668,0.08041320725387312,0.03670437094803314,0.01635062108231636,0.05670570516976232,0.08854335472547839,0.06982925240794137,0.10684558388911304
2024-01-25,0.310730961149722,0.29079221921551635,0.33052822926683734,0.33631671652380446,0.32619511870326434,0.346087214356299,0.19568489228785432,0.18560449818193572,0.20558932406787386,0.07241383917354145,0.0634888224187121,0.08151655353312423,0.03640174662682126,0.016448369335520092,0.056310579685744926,0.08780836530797378,0.06952028936492732,0.10574024683011533
2024-01-26,0.311240365134185,0.2920156980848503,0.33054578131620993,0.33608808137467244,0.3262996075154881,0.3454086724175354,0.1960733918781828,0.18612940204683778,0.20576521172476323,0.073537612054448,0.06437203721700019,0.08288474444446725,0.03604881703911436,0.016343103008955733,0.055629013209112364,0.08703562088967749,0.06940326246391364,0.10443285900850477
2024-01-27,0.3118550249787533,0.29332596205351114,0.3309073441728064,0.33576463560380565,0.32651911811141265,0.3448787247423529,0.1965120477603862,0.18629867735361016,0.20638951521957186,0.07465054466523134,0.06513587369010848,0.08425226979271225,0.03564816915477286,0.016533718002601176,0.05476932762735141,0.08622074664294947,0.06887779382935658,0.10299426505313161
2024-01-28,0.31255825264482384,0.2946954251666784,0.3307104685366298,0.33537331474697096,0.3264123796293266,0.3441953255709716,0.19699448102314424,0.18660647095926344,0.20720408632331014,0.07573520170405658,0.0658313649512037,0.08608524221362361,0.035202389943657146,0.016345234775128278,0.05404492425773663,0.08535936774014974,0.06826693000647677,0.10166583359826269
2024-01-29,0.31333336009379337,0.2955786501695964,0.3306314274603971,0.33494105433993565,0.32608872082677276,0.3436942418820819,0.19751431275513673,0.18664637358877825,0.20819914201082873,0.07677414786908886,0.06649868897024357,0.08735384319982867,0.03471406637562767,0.01644582790074042,0.05316282315869693,0.0844471093536383,0.06779666493879474,0.10058114608548696
2024-01-30,0.31416365928705886,0.2968841077388848,0.3313648391292887,0.3344947899184669,0.3255212834958171,0.34314459249394363,0.19806516404504346,0.18684972450187892,0.20944047358082243,0.07774994785849342,0.0668373423913962,0.08881305958564753,0.03418578542054482,0.01644972648586242,0.05241957741911117,0.08347959665577515,0.06705825250878124,0.0992523752514123
2024-01-31,0.3150324621860169,0.2977299391271869,0.33198130579162916,0.3340614570183319,0.3248269123909216,0.34289011978280154,0.1986406559815441,0.1867578547060193,0.21055513809817153,0.07864516637043537,0.06744630248435941,0.0898634765356247,0.033620134048269024,0.016297707514029574,0.051138981980939476,0.08245245481892029,0.06575769943861204,0.09825818787483383
2024-02-01,0.3159230807520644,0.2985611556768363,0.3333149027140755,0.3336679911752977,0.3243588942637077,0.34296955436155574,0.19923440965331848,0.18684341537801277,0.2114424796569379,0.07944237055575565,0.06806161202622463,0.09073101910520409,0.03301969922866069,0.016135193056183182,0.050107368056189025,0.0813613090154337,0.0641703209408171,0.09775897363464943
2024-02-02,0.3168188269465983,0.29852692917258633,0.3351083653047024,0.3333413279251316,0.32382134363974785,0.342823934715263,0.19984005109855277,0.18719597295411147,0.21218196376220333,0.08012738226610192,0.06882399606997082,0.09128554037889021,0.03238706793158022,0.015676857215364964,0.04944177722974446,0.08020178441767539,0.06283814161025128,0.09703652534075274
2024-02-03,0.31770301273101526,0.29880724597374586,0.33653501027743926,0.33310840280360066,0.3230711952986104,0.3429720160747074,0.20045225565078226,0.18817717740265497,0.21254244518852916,0.08069569425386064,0.0696765941575779,0.09150925553695356,0.03172482712688804,0.015157878306364458,0.048754384916397324,0.07896950619800538,0.061065821310306176,0.09651609189727688
2024-02-04,0.3185589500667122,0.2988574637784057,0.3383120678902167,0.3329961513464721,0.322583552655268,0.34313419340592277,0.20106803976005272,0.1888637728136117,0.21274626347457654,0.08114458727208754,0.07042960956642759,0.0914915598029812,0.031035563784444564,0.014647150550427554,0.047932185082446566,0.07766009952878364,0.05949553721974657,0.09563006466222596
2024-02-05,0.3193699509150859,0.2993057933240676,0.3399040465283377,0.3330315090895132,0.322229867088259,0.3435851998479437,0.20168473664481712,0.19011153566722613,0.21309096529510196,0.08147134207383826,0.07099196164526364,0.09134210184667559,0.030321864874110205,0.014078109271558134,0.046906799725436946,0.07626918958237015,0.057437871572397006,0.09486082017659668
2024-02-06,0.3201193272375332,0.29991694592021234,0.34138602942449453,0.33324141156849085,0.32208002131501023,0.3440478310615868,0.20229967952352848,0.1913475800356768,0.21306802805870592,0.08167323941216854,0.07157911207235196,0.09119362214986702,0.02958631736574538,0.013225553349440951,0.04586962542789977,0.07479240153112497,0.055700502539723626,0.09379391205724415
2024-02-07,0.32079039099545104,0.3003860395240197,0.34214016249512347,0.3336527943191724,0.3225270660949359,0.34466256889933955,0.20291020161463985,0.192524570687639,0.21339676607538027,0.08174756004013407,0.07189149953343452,0.0910717236576902,0.028831508229210507,0.01246353010205712,0.045221298006625534,0.07322536054740804,0.05404615971529554,0.09210751775174085
2024-02-08,0.3213664992795406,0.3010373484695216,0.342669467516606,0.33429248091517055,0.3231817958189844,0.3451912508158246,0.20351363613660425,0.19329306696899615,0.21367430691251196,0.08169158471079052,0.07192573484991555,0.09084641074759271,0.028060024434365984,0.01151935578280224,0.04459102025320532,0.07156377092568415,0.05218547390817277,0.090558177722098
2024-02-09,0.3218405765930521,0.3019467720248531,0.34273148282940485,0.3351635589533403,0.3242201647161753,0.34588505785374424,0.20410731630787468,0.19373819294331052,0.21432179561926304,0.08150259417719363,0.07216236156697337,0.09052212761288882,0.02727445295107223,0.01008266118682947,0.0439309458103032,0.06982011084663173,0.0503519888085198,0.08856476048822257
2024-02-10,0.3222268936002532,0.30281184773426917,0.34237150450316306,0.3362161579314511,0.3255298884837921,0.34668382599324354,0.2046885753469042,0.1937210750332201,0.21513612683169325,0.08117786919239904,0.07200515545522962,0.09027360001838296,0.026477380749189663,0.009082970406474284,0.04356280450930811,0.06804428324649063,0.049195369126386425,0.08599182385765805
2024-02-11,0.32254260924089817,0.30403093588374625,0.3416036113618545,0.33739324176938285,0.32684937301956124,0.34757033192357845,0.2052547464721458,0.19406922920352296,0.21623941576286917,0.08071469050946248,0.07134599245314215,0.09028215896229183,0.025671394798578707,0.007753006595302646,0.043476807942505406,0.0662912548762068,0.04817555304465396,0.08390428557230463
2024-02-12,0.322804882454741,0.30509702451063475,0.3413773360777916,0.33863777438701564,0.32843842094753584,0.34851261614845175,0.2058031629020525,0.19420126650621153,0.21726402427762792,0.08011033888143965,0.07031729843717259,0.08993959865370221,0.024859082069099755,0.00652322664516699,0.043123594195176744,0.06461599248672613,0.046916037006494826,0.08199508261824773
2024-02-13,0.32303087218153576,0.30555875310517416,0.34129175107423754,0.33989271970422963,0.3300554639634609,0.3495323127834136,0.20633115785507733,0.19415084524317228,0.21812512516009067,0.07936209506138621,0.0691011813644193,0.08945613026208718,0.02404302953061323,0.0052983795850556955,0.04308250880229702,0.0630734628289945,0.04574353544108072,0.079923934937539
2024-02-14,0.32323773736103645,0.30596778894103493,0.3410716308346703,0.34110104164090493,0.3316416374983739,0.350545302003245,0.20683606454967332,0.1938976643047219,0.21896598163983283,0.07846723980235791,0.0678260642758786,0.08921783937054524,0.023225824152979548,0.004115337368526645,0.04305062007406493,0.06171863265395783,0.04498124894949175,0.07859007575535741
2024-02-15,0.32344263693299746,0.30603231298126493,0.34078329544562846,0.34220570411692164,0.332924410235402,0.3514985021252297,0.20731520945226953,0.19424940581856692,0.2196307621104506,0.0774230538574104,0.06639951398138384,0.08845799949581157,0.022410052906059127,0.002789665218383262,0.04239232010857497,0.06060646871256202,0.04372747520421848,0.07743108070485888
2024-02-16,0.3236627298371727,0.30624161750548196,0.3410761462767164,0.3431496710521598,0.3338036301626224,0.35252935540731495,0.20776448760021354,0.1948440540124832,0.21986620735110562,0.07622681797959936,0.06496906169342946,0.08748806352519865,0.021598302759712383,0.0014640382163475692,0.042506316290486124,0.05979193775575297,0.042639018830295757,0.0767560040887273
2024-02-17,0.3239151750133163,0.3064077285637439,0.34148523120275454,0.3438759063664996,0.3344028653395872,0.35335328271508165,0.2081766003235158,0.19594104005170224,0.21987279810205893,0.07487581292198055,0.06346872250012055,0.08612863942471453,0.020793160683799706,-0.00023736214811962005,0.04249211391122393,0.05933000653447657,0.041900489170516225,0.07639725719822588
2024-02-18,0.3242171314011823,0.3054236652495266,0.34224189880597683,0.344327373979821,0.33453059736010926,0.3540140508277451,0.20854381682265258,0.1971874835157327,0.2199627473442052,0.07336731943760964,0.06194066101157933,0.08445782876386076,0.019997213648181546,-0.0017176502952875375,0.042420961206100054,0.05927564179967875,0.041666474868338285,0.07737339678546241
2024-02-19,0.32458575794052497,0.30518734660600244,0.34358976383848283,0.3444470378120043,0.33470053568875613,0.3546768143372833,0.20885840629810032,0.19806053348311345,0.21962129269727473,0.071702277961631,0.06043430537003562,0.08275494081896034,0.019213048622718283,-0.003352818749382938,0.042442771384461654,0.059683810302305386,0.04149446596402921,0.07866218936965161
2024-02-20,0.32503821357109824,0.30503563366080405,0.34461626242423116,0.3441778617829294,0.33392473134925915,0.35476448083986956,0.20911263795033525,0.1987932814532736,0.2192582429603597,0.06990867626712596,0.05884151964870145,0.08042674996508616,0.01844325257727035,-0.004940383458126904,0.04235265890722522,0.060609478793302383,0.042128713247733124,0.08028834613835956
2024-02-21,0.3255916572326564,0.30463746392350993,0.3457006584149815,0.3434628098124765,0.3329284227528687,0.3541694725902944,0.2092987809798338,0.19903633053777364,0.21905160020364556,0.06802662482409465,0.05745218524247707,0.07817448405010188,0.01769041248169814,-0.006364544526115877,0.04236264982301123,0.062107614023615657,0.043056057483149564,0.0822233697051739
2024-02-22,0.3262632478649533,0.30507812465250733,0.3467835745577707,0.3422448458205257,0.33175921325673,0.3531554730868362,0.20940910458707232,0.1991222939787261,0.21933292649179723,0.06609629128506987,0.055903058809563574,0.07580191331015049,0.01695711530586211,-0.007606114737649578,0.042319061502390454,0.06423318274419111,0.044850758459426904,0.08442807383737447
2024-02-23,0.32707014440774335,0.3059780139474734,0.34758713163858673,0.34046693372695713,0.3299964134759069,0.3512537394304755,0.20943587797252713,0.19926715265224793,0.21929794518704873,0.06415784330258437,0.05439540271940403,0.07346848071714891,0.01624594801962263,-0.009031596190977962,0.042378129196023406,0.06704115170597462,0.04755492859284397,0.08713845434223064
2024-02-24,0.32802920533591134,0.3073128565248222,0.34808411768140224,0.3380737663680628,0.3278434059904227,0.3485123372263048,0.20937137033667452,0.19849492980356345,0.21994903984166395,0.06225144852917096,0.05259304134206784,0.071421138261204,0.015559497592840149,-0.010615970503739322,0.04233868855710216,0.07058420953652304,0.05151046736939425,0.09031659675810429
2024-02-25,0.32914560855255875,0.3090993125394486,0.34879883779017484,0.33507724820564994,0.3251552689264262,0.3451801392653737,0.20920785087999094,0.1980875711109176,0.22030858941671566,0.06041727461736242,0.05056123245510997,0.0697960347322082,0.014900350995375046,-0.01191401211840206,0.04223559672112924,0.07482648281664331,0.05650227062878284,0.09368095944515654
2024-02-26,0.33040935848490066,0.3113947598663428,0.34930266263155885,0.3315765939803301,0.3217878782739594,0.34106275515033724,0.20893758880295266,0.19761953286689407,0.22047513193839977,0.05869548921969151,0.04846352967297817,0.0683780400217934,0.01427109519708775,-0.012927480236750015,0.04213308127352512,0.07961705289599462,0.062262785594762365,0.0978840240517991
2024-02-27,0.3318094454912192,0.31365279033150123,0.35015974328935917,0.32767685352560544,0.3182070271175689,0.3372496576067087,0.2085528533060361,0.1971402107960748,0.22048322883342839,0.05712625998869103,0.046491278857684955,0.06739569391407194,0.0136743171678387,-0.01393199239304692,0.041871290081227114,0.08479731245779804,0.06864848545086139,0.10236029951988153
2024-02-28,0.33333485992979645,0.3157325729856917,0.3519906659650081,0.3234830766749777,0.31410509887322163,0.33274048734228323,0.20804796311931065,0.1965384541428215,0.22002159975401536,0.05574975457689379,0.04486310147839225,0.06655220067055599,0.013112603877488256,-0.014954419164581945,0.04158209045899724,0.09020865418527464,0.07424324663536445,0.10744060550065683
2024-02-29,0.33497459215891445,0.3174649654839941,0.3541842868389525,0.31910031326194893,0.3097051694564051,0.32844376168420186,0.20743238427749497,0.1961379688211884,0.21946502013325742,0.05460614063683251,0.043062809173332384,0.06596395396893022,0.01258854229589689,-0.015478068332029834,0.0414290608529342,0.09569247076164548,0.07989866319377989,0.11286145244114201
2024-03-01,0.3367176325368555,0.3186401133499541,0.3567265499350302,0.3146336131200211,0.3048999593194905,0.324480351866209,0.2067223718820849,0.1957198918674641,0.21823612492136332,0.05373558582104001,0.041556812006426594,0.0656020158648705,0.012104719392924972,-0.016224729156924692,0.04159767625666104,0.1010901548701317,0.08455278781605523,0.118529712626848
2024-03-02,0.3385529714219014,0.31949150783154495,0.3591178614294541,0.3101880260826961,0.29986552661025695,0.3204994785697833,0.20593421305847617,0.19492407468807535,0.21723044272166472,0.05317825778204909,0.040518791962468576,0.0652339270045292,0.011663722138432942,-0.016905961361368422,0.04130762760197809,0.10624309919395429,0.08897851366961454,0.12510094204729622
2024-03-03,0.3404695991723345,0.32065872052790434,0.3616888295018823,0.305868601983476,0.29496761595720455,0.31658126538864845,0.2050841949320644,0.19402053130161384,0.21623687396380475,0.05297432417239251,0.040110510165304106,0.06526640468443627,0.011268137502281197,-0.017775180572248993,0.04092222565202759,0.11099269641633441,0.09239659614373878,0.1309528147468469
2024-03-04,0.3424565061464368,0.32119259635943054,0.3653429649878067,0.30178039065586254,0.29011513733812205,0.3134737382922618,0.20418860462824542,0.19293308098273843,0.21524958183001444,0.053163952644603045,0.040332475647471076,0.06542422337680354,0.010920552454330153,-0.018232690195823274,0.04097549418102985,0.1151803392204931,0.09550533101712917,0.13613121684910254
2024-03-05,0.3445026827024904,0.32164600847369934,0.36820797112595693,0.298028441933358,0.28571912790247816,0.3103982936066321,0.20326372927241493,0.19159593044498666,0.21458921581839852,0.053786066280290895,0.0413269810182507,0.06593345153657867,0.01062355396444025,-0.01878618465563224,0.04047258642222698,0.1186474202896514,0.09796290001954536,0.14062435626008982
2024-03-06,0.3465971191987775,0.32268577162708273,0.37103635193677215,0.29471780564946404,0.28201364273833096,0.3073207934543109,0.2023258559899686,0.19071202057392173,0.21433282657931554,0.0548312054664505,0.0429306616977334,0.06667556774597214,0.010379729002471859,-0.01941099676970646,0.04004004717634578,0.12123533230703047,0.0991460526152341,0.14422530166488057
2024-03-07,0.3487288059935801,0.32408781164199224,0.3734729838389025,0.29195353163768284,0.2790601049207096,0.3049434929087441,0.20139127190630216,0.18930511435884934,0.21378470194338373,0.05622705975848542,0.04447348026699394,0.06786023178302673,0.010191664538285423,-0.019206619390889818,0.040058361820963055,0.12278546795585134,0.10022757830899161,0.14622108513269663
2024-03-08,0.3508867334451803,0.3253493587560461,0.3753349276087843,0.2898406697315162,0.2768997318641748,0.3027321431606063,0.20047626414681136,0.18770403258191462,0.21335216206974772,0.05789711828493545,0.04612135121073209,0.0695158660771588,0.010061947541741369,-0.019402207987173303,0.040010168332093345,0.12313921991933507,0.10020616963933547,0.1469179861414561
2024-03-09,0.3530598919118602,0.3282302239722184,0.37739305422134295,0.2884842697644662,0.2758648264787354,0.30146649970651174,0.19959711983689193,0.18638316640229727,0.212812022896801,0.05976487017434039,0.048068442945390144,0.0711074723639855,0.009993164982700059,-0.01901207186623857,0.03948713109881699,0.12213798088070278,0.1001701007499389,0.14515565234286057
2024-03-10,0.3552372382266813,0.3310707331537359,0.37927525264140166,0.2879889780436614,0.2757213112384806,0.30019736116918366,0.19877012610193956,0.18509835799048552,0.21206938725771954,0.06175380455524006,0.04981896233595318,0.07345925854457387,0.009987903831021952,-0.01899767798678176,0.03924983630043301,0.11962388724182073,0.09762354199840216,0.1422500995860649
2024-03-11,0.35740062187591787,0.3335304343061839,0.3797352141402557,0.2883738932851098,0.27706695148465127,0.29970106697829957,0.19801157006734996,0.1847542149200308,0.21144148679840355,0.06378741055617425,0.05136559178807015,0.07584572537570942,0.01004875105656745,-0.018943419641956637,0.038783028128817086,0.11559674375733772,0.09460416369234351,0.13732578297840817
2024-03-12,0.35951603491645584,0.3369117870314337,0.3814564615491856,0.2894672462302899,0.2786286176950071,0.30062365169293004,0.19733773885851888,0.18427337529323629,0.21026185763257374,0.06578917730568279,0.052845283910210865,0.0785392505697361,0.010178293629196974,-0.018990800542856772,0.038231338395540014,0.11040813410108256,0.09071065603869238,0.13138270492153703
2024-03-13,0.3615473237910569,0.33852418971071596,0.3835563343772349,0.2910714419327946,0.2803916040658844,0.3025890132886012,0.19676740930655254,0.18420508872603963,0.20927399286870746,0.06768259393230548,0.05376441394395173,0.08110479956596599,0.01037911851877092,-0.01834252276866058,0.03830241519002795,0.10445723994017689,0.08453549269274598,0.12565558280491115
2024-03-14,0.3634583349424826,0.3390177314747839,0.3858658831336231,0.2929888854462168,0.28170710032236734,0.3049959830422908,0.19633775872382395,0.18385073627582552,0.2086246017777583,0.0693911495645821,0.054672051710921224,0.08350719367536226,0.010653812695149718,-0.017841654307792856,0.038724114701259055,0.09814324294174229,0.07681386866844536,0.12013037673920475
2024-03-15,0.3652129148134946,0.3389155798285221,0.38944516854152667,0.2950219818241497,0.28261188678091353,0.30785096300676923,0.19609421157287224,0.18336023930610085,0.20874144662780922,0.07083833333105251,0.05597932519136403,0.08553998273017437,0.011004963128193762,-0.017485954839011834,0.03918675217275469,0.09186532477290041,0.06870871617983271,0.11510110579814624
2024-03-16,0.36677490984685446,0.3393538937500922,0.3923382645535064,0.2969731361201861,0.2838843953027652,0.31087321180173255,0.1960822312178882,0.18258479765215804,0.20938735692230168,0.07194763436025646,0.0566443494012199,0.08716075544666586,0.01143515678776349,-0.017109994734245848,0.03996244038544826,0.08602266710077287,0.06121828346410432,0.11181958531635096
2024-03-17,0.3681081664853238,0.3384668930118504,0.3950167102649582,0.298644753387919,0.2846144790581549,0.31347554775010983,0.19634728102306265,0.18252450117060892,0.21090560278774945,0.07264254178073377,0.05724437728955626,0.08788294033888647,0.0119469806437193,-0.01650987541246761,0.04122461050540033,0.08101445159248129,0.05432442229768032,0.10852870835814596
2024-03-18,0.36917653117166427,0.3380416804147943,0.3972459762286065,0.2998392386809413,0.2851621622662071,0.3156569975729851,0.1969348243525864,0.18200923634917407,0.2121641732758845,0.07284654472102428,0.0576194680665714,0.08772718419845114,0.012543021665921625,-0.01638504519081782,0.04269758763455567,0.07723985991514729,0.04988045163381904,0.10539665470244093
2024-03-19,0.3699438503486375,0.3394560513742615,0.3977999397968987,0.30035899705284613,0.28564491204792236,0.3163839991686392,0.19789032457065037,0.18239527831769692,0.2137494736416688,0.07248313230966778,0.05751521333163229,0.08662857839971701,0.013225866824230853,-0.01722324656338919,0.04429378663621227,0.0750980737358925,0.047490487990411445,0.10319124316153766
2024-03-20,0.37037397045900494,0.34157587890036545,0.39764725479306945,0.3000064335572263,0.2852645936083726,0.3153658513179411,0.19925924504144527,0.18320759834660844,0.21505109474964346,0.07147579367520404,0.05746381155645555,0.08523447284153192,0.013998103088507404,-0.01719802447261593,0.046119527243603166,0.07498827472183854,0.047017995277318585,0.10242825804335458
2024-03-21,0.3704307379455284,0.34366871565742185,0.3963530383668201,0.2985839532476747,0.28435344329415463,0.31301617390388137,0.20108704912916198,0.18590387747632503,0.21597167485456262,0.06974801794617293,0.05611045051785567,0.08274762111210504,0.014862317428611714,-0.018054703124972173,0.04889513926282165,0.07730964454010703,0.050992409824394694,0.10352833483839864
2024-03-22,0.37007799925096935,0.343395162283787,0.39510455696680924,0.2958939611777846,0.2826672668030341,0.3092298094289569,0.20341920019799134,0.18875828918512383,0.21776820182415704,0.06722329425111419,0.05322241434333373,0.0807996170335067,0.01582109681440417,-0.019340360770026606,0.05239848612228717,0.08246136485781962,0.057961289076498876,0.10754588733564222
2024-03-23,0.36927960081808947,0.3409726966412223,0.3950121871983428,0.2917388624011488,0.2785203794399755,0.3060114149217987,0.20630116161212414,0.1918385471832391,0.22082991138684543,0.06382511171856767,0.0484988887315793,0.07895927350759946,0.01687702821574519,-0.020384570982925045,0.055708985494433094,0.0908426173420979,0.06719164165835467,0.11667442136348341
2024-03-24,0.3679993890896503,0.3347617735516204,0.4007469089241995,0.28592106197136014,0.26924332336875584,0.3029704447310965,0.20977839673575122,0.19185875188249113,0.22782937537495213,0.05947695947707317,0.03999532543014563,0.07877559129860258,0.01803269860249521,-0.021376871079371834,0.059442271604805356,0.10285258366006352,0.07369379273572436,0.1331550171084736
2024-03-25,0.36620121050841353,0.32201229699446543,0.4104433881178176,0.2782429649420118,0.2555865583369938,0.30207889282939643,0.21389636893306338,0.18840108371773515,0.239377504358063,0.05410232665517047,0.029079448592880988,0.07904873692077798,0.019290694944514623,-0.02377579546409713,0.063896451583947,0.11889044547883809,0.07745206371104653,0.1605390428047491
